X Default0003;Y Default0003
0.000000000000 ;0.00106875820185
0.0000500100626049;0.00105899227882
0.000100020125210 ;0.00105868709372
0.000150030187815 ;0.00106570635090
0.000200040250420 ;0.00106234931486
0.000250050313024 ;0.00108432264168
0.000300060375629 ;0.00107425153356
0.000350070438234 ;0.00107455671865
0.000400080500839 ;0.00107821893979
0.000450090563444 ;0.00107394634846
0.000500100626049 ;0.00107455671865
0.000550110688654 ;0.00108127079073
0.000600120751259 ;0.00107272560808
0.000650130813864 ;0.00106997894223
0.000700140876469 ;0.00107516708884
0.000750150939073 ;0.00107028412732
0.000800161001678 ;0.00107211523789
0.000850171064283 ;0.00107119968261
0.000900181126888 ;0.00107821893979
0.000950191189493 ;0.00107272560808
0.00100020125210 ;0.00107303079318
0.00105021131470 ;0.00107608264412
0.00110022137731 ;0.00107242042299
0.00115023143991 ;0.00107119968261
0.00120024150252 ;0.00107364116337
0.00125025156512 ;0.00107181005280
0.00130026162773 ;0.00107547227393
0.00135027169033 ;0.00107425153356
0.00140028175294 ;0.00107730338450
0.00145029181554 ;0.00107394634846
0.00150030187815 ;0.00107486190374
0.00155031194075 ;0.00107211523789
0.00160032200336 ;0.00108462782678
0.00165033206596 ;0.00109714041566
0.00170034212857 ;0.00111423078097
0.00175035219117 ;0.00109653004547
0.00180036225378 ;0.00109164708396
0.00185037231638 ;0.00109317300943
0.00190038237899 ;0.00110477004303
0.00195039244159 ;0.00111423078097
0.00200040250420 ;0.00110202337718
0.00205041256680 ;0.00109439374981
0.00210042262941 ;0.00109256263924
0.00215043269201 ;0.00109317300943
0.00220044275462 ;0.00109225745415
0.00225045281722 ;0.00108920560320
0.00230046287983 ;0.00108981597339
0.00235047294243 ;0.00108859523301
0.00240048300504 ;0.00108676412244
0.00245049306764 ;0.00108584856716
0.00250050313024 ;0.00108340708640
0.00255051319285 ;0.00108493301187
0.00260052325545 ;0.00108523819697
0.00265053331806 ;0.00108310190130
0.00270054338066 ;0.00108279671621
0.00275055344327 ;0.00107791375469
0.00280056350587 ;0.00108523819697
0.00285057356848 ;0.00108371227149
0.00290058363108 ;0.00108005005036
0.00295059369369 ;0.00108066042055
0.00300060375629 ;0.00107852412488
0.00305061381890 ;0.00107730338450
0.00310062388150 ;0.00107760856960
0.00315063394411 ;0.00107730338450
0.00320064400671 ;0.00107913449507
0.00325065406932 ;0.00107486190374
0.00330066413192 ;0.00107516708884
0.00335067419453 ;0.00107119968261
0.00340068425713 ;0.00106967375713
0.00345069431974 ;0.00107364116337
0.00350070438234 ;0.00106753746147
0.00355071444495 ;0.00106936857204
0.00360072450755 ;0.00106936857204
0.00365073457016 ;0.00106753746147
0.00370074463276 ;0.00106326487014
0.00375075469537 ;0.00106326487014
0.00380076475797 ;0.00106143375958
0.00385077482058 ;0.00106204412976
0.00390078488318 ;0.00106326487014
0.00395079494579 ;0.00106234931486
0.00400080500839 ;0.00106204412976
0.00405081507100 ;0.00105777153844
0.00410082513360 ;0.00105807672353
0.00415083519621 ;0.00105685598315
0.00420084525881 ;0.00105990783410
0.00425085532142 ;0.00108737449263
0.00430086538402 ;0.00103915524766
0.00435087544663 ;0.00103610339671
0.00440088550923 ;0.00103274636067
0.00445089557184 ;0.00103030487991
0.00450090563444 ;0.00102999969481
0.00455091569705 ;0.00103976561785
0.00460092575965 ;0.00103274636067
0.00465093582226 ;0.00103122043519
0.00470094588486 ;0.00102877895444
0.00475095594747 ;0.00102603228858
0.00480096601007 ;0.00102786339915
0.00485097607268 ;0.00103396710105
0.00490098613528 ;0.00104770043031
0.00495099619789 ;0.00105716116825
0.00500100626049 ;0.00103915524766
0.00505101632309 ;0.00104312265389
0.00510102638570 ;0.00104434339427
0.00515103644830 ;0.00107486190374
0.00520104651091 ;0.00102786339915
0.00525105657351 ;0.00102450636311
0.00530106663612 ;0.00101809747612
0.00535107669872 ;0.00101504562517
0.00540108676133 ;0.00101626636555
0.00545109682393 ;0.00101596118046
0.00550110688654 ;0.00101535081027
0.00555111694914 ;0.00101199377422
0.00560112701175 ;0.00101260414441
0.00565113707435 ;0.00101046784875
0.00570114713696 ;0.00101535081027
0.00575115719956 ;0.00102237006745
0.00580116726217 ;0.00105899227882
0.00585117732477 ;0.00103579821162
0.00590118738738 ;0.00102694784387
0.00595119744998 ;0.00102542191839
0.00600120751259 ;0.00102877895444
0.00605121757519 ;0.00105197302164
0.00610122763780 ;0.00101260414441
0.00615123770040 ;0.00100741599780
0.00620124776301 ;0.00100436414686
0.00625125782561 ;0.00100405896176
0.00630126788822 ;0.00100161748100
0.00635127795082 ;0.00100070192572
0.00640128801343 ;0.00100283822138
0.00645129807603 ;0.000997955259865
0.00650130813864 ;0.000997344889676
0.00655131820124 ;0.00100131229591
0.00660132826385 ;0.00100344859157
0.00665133832645 ;0.00101748710593
0.00670134838906 ;0.00105685598315
0.00675135845166 ;0.00101504562517
0.00680136851427 ;0.00101351969970
0.00685137857687 ;0.00101168858913
0.00690138863948 ;0.00102389599292
0.00695139870208 ;0.00101290932951
0.00700140876469 ;0.000997039704581
0.00705141882729 ;0.000996734519486
0.00710142888990 ;0.000996124149297
0.00715143895250 ;0.000992156743065
0.00720144901511 ;0.000990630817591
0.00725145907771 ;0.000990936002686
0.00730146914032 ;0.000988189336833
0.00735147920292 ;0.000987273781549
0.00740148926553 ;0.000984221930601
0.00745149932813 ;0.000991241187780
0.00750150939073 ;0.000994598223823
0.00755151945334 ;0.00100192266610
0.00760152951594 ;0.00102145451216
0.00765153957855 ;0.00100100711081
0.00770154964115 ;0.00100222785119
0.00775155970376 ;0.000998260444960
0.00780156976636 ;0.00102084414197
0.00785157982897 ;0.000988799707022
0.00790158989157 ;0.000991546372875
0.00795159995418 ;0.000975371562853
0.00800161001678 ;0.000974456007569
0.00805162007939 ;0.000975066377758
0.00810163014199 ;0.000974150822474
0.00815164020460 ;0.000974456007569
0.00820165026720 ;0.000972930082095
0.00825166032981 ;0.000974761192663
0.00830167039241 ;0.000974761192663
0.00835168045502 ;0.000976897488327
0.00840169051762 ;0.000977507858516
0.00845170058023 ;0.000986358226264
0.00850171064283 ;0.000979033783990
0.00855172070544 ;0.000979338969085
0.00860173076804 ;0.000980559709464
0.00865174083065 ;0.000975066377758
0.00870175089325 ;0.000972930082095
0.00875176095586 ;0.000969573046052
0.00880177101846 ;0.000964690084536
0.00885178108107 ;0.000961333048494
0.00890179114367 ;0.000962553788873
0.00895180120628 ;0.000964079714347
0.00900181126888 ;0.000963164159062
0.00905182133149 ;0.000958891567736
0.00910183139409 ;0.000958281197546
0.00915184145670 ;0.000956144901883
0.00920185151930 ;0.000960112308115
0.00925186158191 ;0.000958281197546
0.00930187164451 ;0.000957976012452
0.00935188170712 ;0.000954618976409
0.00940189176972 ;0.000955229346599
0.00945190183233 ;0.000953703421125
0.00950191189493 ;0.000953093050935
0.00955192195754 ;0.000955534531693
0.00960193202014 ;0.000953398236030
0.00965194208275 ;0.000951261940367
0.00970195214535 ;0.000950041199988
0.00975196220796 ;0.000949125644704
0.00980197227056 ;0.000946989349040
0.00985198233317 ;0.000949125644704
0.00990199239577 ;0.000946989349040
0.00995200245837 ;0.000945158238472
0.0100020125210 ;0.000943937498093
0.0100520225836 ;0.000947294534135
0.0101020326462 ;0.000949430829798
0.0101520427088 ;0.000950651570177
0.0102020527714 ;0.000951261940367
0.0102520628340 ;0.000953093050935
0.0103020728966 ;0.000955229346599
0.0103520829592 ;0.000974456007569
0.0104020930218 ;0.000988189336833
0.0104521030844 ;0.000974456007569
0.0105021131470 ;0.000966216010010
0.0105521232096 ;0.000959501937925
0.0106021332722 ;0.000951872310556
0.0106521433348 ;0.000950956755272
0.0107021533974 ;0.000952787865841
0.0107521634601 ;0.000948515274514
0.0108021735227 ;0.000949430829798
0.0108521835853 ;0.000947294534135
0.0109021936479 ;0.000948210089419
0.0109522037105 ;0.000948210089419
0.0110022137731 ;0.000950956755272
0.0110522238357 ;0.000961333048494
0.0111022338983 ;0.000974456007569
0.0111522439609 ;0.000971098971526
0.0112022540235 ;0.000936002685629
0.0112522640861 ;0.000931730094302
0.0113022741487 ;0.000930814539018
0.0113522842113 ;0.000925016022217
0.0114022942739 ;0.000923490096744
0.0114523043365 ;0.000921964171270
0.0115023143991 ;0.000921964171270
0.0115523244617 ;0.000919827875607
0.0116023345243 ;0.000918607135228
0.0116523445869 ;0.000917386394848
0.0117023546495 ;0.000914944914090
0.0117523647122 ;0.000915555284280
0.0118023747748 ;0.000913724173711
0.0118523848374 ;0.000914029358806
0.0119023949000 ;0.000914334543901
0.0119524049626 ;0.000915860469375
0.0120024150252 ;0.000910367137669
0.0120524250878 ;0.000907315286721
0.0121024351504 ;0.000909451582385
0.0121524452130 ;0.000910367137669
0.0122024552756 ;0.000910977507859
0.0122524653382 ;0.000903958250679
0.0123024754008 ;0.000907010101627
0.0123524854634 ;0.000903347880490
0.0124024955260 ;0.000902737510300
0.0124525055886 ;0.000902737510300
0.0125025156512 ;0.000901821955016
0.0125525257138 ;0.000898464918973
0.0126025357764 ;0.000901821955016
0.0126525458390 ;0.000900601214637
0.0127025559016 ;0.000897854548784
0.0127525659642 ;0.000896633808405
0.0128025760269 ;0.000901821955016
0.0128525860895 ;0.000905484176153
0.0129025961521 ;0.000902127140110
0.0129526062147 ;0.000906704916532
0.0130026162773 ;0.000910061952574
0.0130526263399 ;0.000936307870724
0.0131026364025 ;0.000938444166387
0.0131526464651 ;0.000913418988617
0.0132026565277 ;0.000910977507859
0.0132526665903 ;0.000908230842006
0.0133026766529 ;0.000907620471816
0.0133526867155 ;0.000907315286721
0.0134026967781 ;0.000912503433332
0.0134527068407 ;0.000888698995941
0.0135027169033 ;0.000886562700278
0.0135527269659 ;0.000884731589709
0.0136027370285 ;0.000887173070467
0.0136527470911 ;0.000884731589709
0.0137027571537 ;0.000882595294046
0.0137527672163 ;0.000881679738762
0.0138027772790 ;0.000892056031983
0.0138527873416 ;0.000927762688070
0.0139027974042 ;0.000899380474258
0.0139528074668 ;0.000899685659352
0.0140028175294 ;0.000904873805963
0.0140528275920 ;0.000896023438215
0.0141028376546 ;0.000879848628193
0.0141528477172 ;0.000869472334971
0.0142028577798 ;0.000875576036866
0.0142528678424 ;0.000876491592151
0.0143028779050 ;0.000874965666677
0.0143528879676 ;0.000873439741203
0.0144028980302 ;0.000881984923856
0.0144529080928 ;0.000924710837123
0.0145029181554 ;0.000885647144993
0.0145529282180 ;0.000884121219520
0.0146029382806 ;0.000888393810846
0.0146529483432 ;0.000867946409497
0.0147029584058 ;0.000867030854213
0.0147529684684 ;0.000861842707602
0.0148029785311 ;0.000863673818171
0.0148529885937 ;0.000862453077792
0.0149029986563 ;0.000862453077792
0.0149530087189 ;0.000861842707602
0.0150030187815 ;0.000863368633076
0.0150530288441 ;0.000862453077792
0.0151030389067 ;0.000860621967223
0.0151530489693 ;0.000861842707602
0.0152030590319 ;0.000868251594592
0.0152530690945 ;0.000876186407056
0.0153030791571 ;0.000885952330088
0.0153530892197 ;0.000877712332530
0.0154030992823 ;0.000879543443098
0.0154531093449 ;0.000877712332530
0.0155031194075 ;0.000875576036866
0.0155531294701 ;0.000885952330088
0.0156031395327 ;0.000867336039308
0.0156531495953 ;0.000858790856655
0.0157031596579 ;0.000858485671560
0.0157531697205 ;0.000854518265328
0.0158031797831 ;0.000868556779687
0.0158531898458 ;0.000875576036866
0.0159031999084 ;0.000868251594592
0.0159532099710 ;0.000867641224403
0.0160032200336 ;0.000865199743645
0.0160532300962 ;0.000864589373455
0.0161032401588 ;0.000862147892697
0.0161532502214 ;0.000849940488907
0.0162032602840 ;0.000843836787011
0.0162532703466 ;0.000856044190802
0.0163032804092 ;0.000875576036866
0.0163532904718 ;0.000864284188360
0.0164033005344 ;0.000860316782128
0.0164533105970 ;0.000860927152318
0.0165033206596 ;0.000888698995941
0.0165533307222 ;0.000670796838282
0.0166033407848 ;0.000679647206030
0.0166533508474 ; 
0.0167033609100 ;0.000879543443098
0.0167533709726 ;0.000848719748527
0.0168033810352 ;0.000863979003265
0.0168533910979 ;0.000837733085116
0.0169034011605 ;0.000844141972106
0.0169534112231 ;0.000874050111393
0.0170034212857 ;0.000850245674001
0.0170534313483 ;0.000846583452864
0.0171034414109 ;0.000848414563433
0.0171534514735 ;0.000855433820612
0.0172034615361 ;0.000853907895138
0.0172534715987 ;0.000845057527390
0.0173034816613 ;0.000845667897580
0.0173534917239 ;0.000865810113834
0.0174035017865 ;0.000830713827937
0.0174535118491 ;0.000831019013031
0.0175035219117 ;0.000834376049074
0.0175535319743 ;0.000859096041749
0.0176035420369 ;0.000849330118717
0.0176535520995 ;0.000845667897580
0.0177035621621 ;0.000847804193243
0.0177535722247 ;0.000857264931181
0.0178035822873 ;0.000826746421705
0.0178535923499 ;0.000821253089999
0.0179036024126 ;0.000822168645283
0.0179536124752 ;0.000828577532273
0.0180036225378 ;0.000856349375896
0.0180536326004 ;0.000831629383221
0.0181036426630 ;0.000837427900021
0.0181536527256 ;0.000830408642842
0.0182036627882 ;0.000828882717368
0.0182536728508 ;0.000828882717368
0.0183036829134 ;0.000828577532273
0.0183536929760 ;0.000826136051515
0.0184037030386 ;0.000830713827937
0.0184537131012 ;0.000827967162084
0.0185037231638 ;0.000826746421705
0.0185537332264 ;0.000828577532273
0.0186037432890 ;0.000826441236610
0.0186537533516 ;0.000823999755852
0.0187037634142 ;0.000826746421705
0.0187537734768 ;0.000821253089999
0.0188037835394 ;0.000823694570757
0.0188537936020 ;0.000818506424146
0.0189038036647 ;0.000820032349620
0.0189538137273 ;0.000820947904904
0.0190038237899 ;0.000818201239051
0.0190538338525 ;0.000821253089999
0.0191038439151 ;0.000818811609241
0.0191538539777 ;0.000817590868862
0.0192038640403 ;0.000816675313578
0.0192538741029 ;0.000816370128483
0.0193038841655 ;0.000813928647725
0.0193538942281 ;0.000815454573199
0.0194039042907 ;0.000815759758293
0.0194539143533 ;0.000811792352062
0.0195039244159 ;0.000815759758293
0.0195539344785 ;0.000812707907346
0.0196039445411 ;0.000811792352062
0.0196539546037 ;0.000811181981872
0.0197039646663 ;0.000805993835261
0.0197539747289 ;0.000809045686209
0.0198039847915 ;0.000809350871303
0.0198539948541 ;0.000808435316019
0.0199040049167 ;0.000805078279977
0.0199540149794 ;0.000801416058840
0.0200040250420 ;0.000800805688650
0.0200540351046 ;0.000802636799219
0.0201040451672 ;0.000802331614124
0.0201540552298 ;0.000802026429029
0.0202040652924 ;0.000799584948271
0.0202540753550 ;0.000800805688650
0.0203040854176 ;0.000800805688650
0.0203540954802 ;0.000795312356944
0.0204041055428 ;0.000794396801660
0.0204541156054 ;0.000792260505997
0.0205041256680 ;0.000796227912229
0.0205541357306 ;0.000795922727134
0.0206041457932 ;0.000792870876186
0.0206541558558 ;0.000793481246376
0.0207041659184 ;0.000792565691092
0.0207541759810 ;0.000790124210334
0.0208041860436 ;0.000786767174291
0.0208541961062 ;0.000784936063723
0.0209042061688 ;0.000784936063723
0.0209542162315 ;0.000784936063723
0.0210042262941 ;0.000785241248817
0.0210542363567 ;0.000788293099765
0.0211042464193 ;0.000784020508438
0.0211542564819 ;0.000784325693533
0.0212042665445 ;0.000782799768059
0.0212542766071 ;0.000779747917112
0.0213042866697 ;0.000780968657491
0.0213542967323 ;0.000780663472396
0.0214043067949 ;0.000777306436354
0.0214543168575 ;0.000778221991638
0.0215043269201 ;0.000779442732017
0.0215543369827 ;0.000773033845027
0.0216043470453 ;0.000777916806543
0.0216543571079 ;0.000774559770501
0.0217043671705 ;0.000770287179174
0.0217543772331 ;0.000773644215217
0.0218043872957 ;0.000774864955596
0.0218543973583 ;0.000772728659932
0.0219044074209 ;0.000773644215217
0.0219544174836 ;0.000771813104648
0.0220044275462 ;0.000775475325785
0.0220544376088 ;0.000772423474837
0.0221044476714 ;0.000769066438795
0.0221544577340 ;0.000765404217658
0.0222044677966 ;0.000769066438795
0.0222544778592 ;0.000768456068606
0.0223044879218 ;0.000763267921995
0.0223544979844 ;0.000766930143132
0.0224045080470 ;0.000765404217658
0.0224545181096 ;0.000762047181616
0.0225045281722 ;0.000759910885952
0.0225545382348 ;0.000760826441237
0.0226045482974 ;0.000761436811426
0.0226545583600 ;0.000757469405194
0.0227045684226 ;0.000756248664815
0.0227545784852 ;0.000751670888394
0.0228045885478 ;0.000772423474837
0.0228545986104 ;0.000743125705741
0.0229046086730 ;0.000741904965361
0.0229546187356 ;0.000742820520646
0.0230046287983 ;0.000738547929319
0.0230546388609 ;0.000742210150456
0.0231046489235 ;0.000741904965361
0.0231546589861 ;0.000739463484603
0.0232046690487 ;0.000740073854793
0.0232546791113 ;0.000733970152898
0.0233046891739 ;0.000733359782708
0.0233546992365 ;0.000742515335551
0.0234047092991 ;0.000749534592730
0.0234547193617 ;0.000751060518204
0.0235047294243 ;0.000751365703299
0.0235547394869 ;0.000748619037446
0.0236047495495 ;0.000748924222541
0.0236547596121 ;0.000751976073489
0.0237047696747 ;0.000747398297067
0.0237547797373 ;0.000748619037446
0.0238047897999 ;0.000749839777825
0.0238547998625 ;0.000750144962920
0.0239048099251 ;0.000744041261025
0.0239548199877 ;0.000746177556688
0.0240048300504 ;0.000744956816309
0.0240548401130 ;0.000743736075930
0.0241048501756 ;0.000739768669698
0.0241548602382 ;0.000737022003845
0.0242048703008 ;0.000732444227424
0.0242548803634 ;0.000733054597613
0.0243048904260 ;0.000730918301950
0.0243549004886 ;0.000729392376476
0.0244049105512 ;0.000739158299509
0.0244549206138 ;0.000736106448561
0.0245049306764 ;0.00160954618976
0.0245549407390 ;0.00162511062960
0.0246049508016 ; 
0.0246549608642 ; 
0.0247049709268 ; 
0.0247549809894 ;0.00205389568773
0.0248049910520 ; 
0.0248550011146 ;0.00215460676901
0.0249050111772 ;0.00217261268960
0.0249550212398 ;0.00219275490585
0.0250050313024 ;0.00220007934812
0.0250550413651 ;0.00220954008606
0.0251050514277 ;0.00221167638173
0.0251550614903 ;0.00219885860775
0.0252050715529 ;0.00219306009095
0.0252550816155 ;0.00220221564379
0.0253050916781 ;0.00220099490341
0.0253551017407 ;0.00220496230964
0.0254051118033 ;0.00218695638905
0.0254551218659 ;0.00219367046113
0.0255051319285 ;0.00219763786737
0.0255551419911 ;0.00218848231452
0.0256051520537 ;0.00219702749718
0.0256551621163 ;0.00219367046113
0.0257051721789 ;0.00219458601642
0.0257551822415 ;0.00217322305979
0.0258051923041 ;0.00221594897305
0.0258552023667 ;0.00219428083132
0.0259052124293 ;0.00220496230964
0.0259552224919 ;0.00219061861019
0.0260052325545 ;0.00219519638661
0.0260552426172 ;0.00219214453566
0.0261052526798 ;0.00217566454054
0.0261552627424 ;0.00218054750206
0.0262052728050 ;0.00217963194678
0.0262552828676 ;0.00218756675924
0.0263052929302 ;0.00218970305490
0.0263553029928 ;0.00218329416791
0.0264053130554 ;0.00217596972564
0.0264553231180 ;0.00219275490585
0.0265053331806 ;0.00219275490585
0.0265553432432 ;0.00218146305734
0.0266053533058 ;0.00217658009583
0.0266553633684 ;0.00217261268960
0.0267053734310 ;0.00216986602374
0.0267553834936 ;0.00215704824976
0.0268053935562 ;0.00218298898282
0.0268554036188 ;0.00218512527848
0.0269054136814 ;0.00217108676412
0.0269554237440 ;0.00217658009583
0.0270054338066 ;0.00216040528581
0.0270554438693 ;0.00216803491317
0.0271054539319 ;0.00216376232185
0.0271554639945 ;0.00217383342998
0.0272054740571 ;0.00216711935789
0.0272554841197 ;0.00216711935789
0.0273054941823 ;0.00219794305246
0.0273555042449 ;0.00216711935789
0.0274055143075 ;0.00217810602130
0.0274555243701 ;0.00215979491562
0.0275055344327 ;0.00216437269204
0.0275555444953 ;0.00216559343242
0.0276055545579 ;0.00216925565355
0.0276555646205 ;0.00214453566088
0.0277055746831 ;0.00215338602863
0.0277555847457 ;0.00216589861751
0.0278055948083 ;0.00214880825220
0.0278556048709 ;0.00216040528581
0.0279056149335 ;0.00215247047334
0.0279556249961 ;0.00217322305979
0.0280056350587 ;0.00216498306223
0.0280556451213 ;0.00215155491806
0.0281056551840 ;0.00218359935301
0.0281556652466 ;0.00216528824732
0.0282056753092 ;0.00215124973296
0.0282556853718 ;0.00214575640126
0.0283056954344 ;0.00213538010804
0.0283557054970 ;0.00213171788690
0.0284057155596 ;0.00214453566088
0.0284557256222 ;0.00213141270180
0.0285057356848 ;0.00214209418012
0.0285557457474 ;0.00213385418256
0.0286057558100 ;0.00214270455031
0.0286557658726 ;0.00213446455275
0.0287057759352 ;0.00213690603351
0.0287557859978 ;0.00213507492294
0.0288057960604 ;0.00214239936522
0.0288558061230 ;0.00215063936277
0.0289058161856 ;0.00213690603351
0.0289558262482 ;0.00213324381237
0.0290058363108 ;0.00213232825709
0.0290558463734 ;0.00213385418256
0.0291058564361 ;0.00212714011048
0.0291558664987 ;0.00212805566576
0.0292058765613 ;0.00212714011048
0.0292558866239 ;0.00212927640614
0.0293058966865 ;0.00213354899747
0.0293559067491 ;0.00211828974273
0.0294059168117 ;0.00212744529557
0.0294559268743 ;0.00216101565600
0.0295059369369 ;0.00212591937010
0.0295559469995 ;0.00211981566820
0.0296059570621 ;0.00211523789178
0.0296559671247 ;0.00212012085330
0.0297059771873 ;0.00212195196387
0.0297559872499 ;0.00210974456008
0.0298059973125 ;0.00212164677877
0.0298560073751 ;0.00212775048067
0.0299060174377 ;0.00213385418256
0.0299560275003 ;0.00211249122593
0.0300060375629 ;0.00211584826197
0.0300560476255 ;0.00210760826441
0.0301060576881 ;0.00210577715384
0.0301560677508 ;0.00213660084841
0.0302060778134 ;0.00210882900479
0.0302560878760 ;0.00211859492782
0.0303060979386 ;0.00211981566820
0.0303561080012 ;0.00210516678365
0.0304061180638 ;0.00210516678365
0.0304561281264 ;0.00212073122349
0.0305061381890 ;0.00210150456252
0.0305561482516 ;0.00210913418989
0.0306061583142 ;0.00210974456008
0.0306561683768 ;0.00209662160100
0.0307061784394 ;0.00210028382214
0.0307561885020 ;0.00209936826685
0.0308061985646 ;0.00211340678121
0.0308562086272 ;0.00208563493759
0.0309062186898 ;0.00210791344951
0.0309562287524 ;0.00210242011780
0.0310062388150 ;0.00210943937498
0.0310562488776 ;0.00210242011780
0.0311062589402 ;0.00210455641346
0.0311562690029 ;0.00210455641346
0.0312062790655 ;0.00210577715384
0.0312562891281 ;0.00210425122837
0.0313062991907 ;0.00208838160344
0.0313563092533 ;0.00209906308176
0.0314063193159 ;0.00208441419721
0.0314563293785 ;0.00209479049043
0.0315063394411 ;0.00208685567797
0.0315563495037 ;0.00210089419233
0.0316063595663 ;0.00209601123081
0.0316563696289 ;0.00207678456984
0.0317063796915 ;0.00208380382702
0.0317563897541 ;0.00207678456984
0.0318063998167 ;0.00207495345927
0.0318564098793 ;0.00209387493515
0.0319064199419 ;0.00207770012513
0.0319564300045 ;0.00208014160588
0.0320064400671 ;0.00207770012513
0.0320564501297 ;0.00208014160588
0.0321064601923 ;0.00208563493759
0.0321564702550 ;0.00207617419965
0.0322064803176 ;0.00206884975738
0.0322564903802 ;0.00206549272134
0.0323065004428 ;0.00210547196875
0.0323565105054 ;0.00207190160833
0.0324065205680 ;0.00206976531266
0.0324565306306 ;0.00207739494003
0.0325065406932 ;0.00207159642323
0.0325565507558 ;0.00206823938719
0.0326065608184 ;0.00208502456740
0.0326565708810 ;0.00206060975982
0.0327065809436 ;0.00207495345927
0.0327565910062 ;0.00207403790399
0.0328066010688 ;0.00206244087039
0.0328566111314 ;0.00206884975738
0.0329066211940 ;0.00204474013489
0.0329566312566 ;0.00205694753868
0.0330066413192 ;0.00205938901944
0.0330566513818 ;0.00206549272134
0.0331066614444 ;0.00206213568529
0.0331566715070 ;0.00205999938963
0.0332066815697 ;0.00207251197851
0.0332566916323 ;0.00205145420698
0.0333067016949 ;0.00206122013001
0.0333567117575 ;0.00205511642811
0.0334067218201 ;0.00204351939451
0.0334567318827 ;0.00205236976226
0.0335067419453 ;0.00205572679830
0.0335567520079 ;0.00205328531755
0.0336067620705 ;0.00203711050752
0.0336567721331 ;0.00205664235359
0.0337067821957 ;0.00205450605792
0.0337567922583 ;0.00205359050264
0.0338068023209 ;0.00203711050752
0.0338568123835 ;0.00205450605792
0.0339068224461 ;0.00204260383923
0.0339568325087 ;0.00204138309885
0.0340068425713 ;0.00205755790887
0.0340568526339 ;0.00203009125034
0.0341068626965 ;0.00204016235847
0.0341568727591 ;0.00203436384167
0.0342068828218 ;0.00204504531999
0.0342568928844 ;0.00204565569018
0.0343069029470 ;0.00203283791620
0.0343569130096 ;0.00202887050996
0.0344069230722 ;0.00202948088015
0.0344569331348 ;0.00203161717582
0.0345069431974 ;0.00203283791620
0.0345569532600 ;0.00203283791620
0.0346069633226 ;0.00202429273354
0.0346569733852 ;0.00202764976959
0.0347069834478 ;0.00202368236335
0.0347569935104 ;0.00202642902921
0.0348070035730 ;0.00202642902921
0.0348570136356 ;0.00199224829859
0.0349070236982 ;0.00203009125034
0.0349570337608 ;0.00200689718314
0.0350070438234 ;0.00201239051485
0.0350570538860 ;0.00201330607013
0.0351070639486 ;0.00200872829371
0.0351570740112 ;0.00203833124790
0.0352070840738 ;0.00200506607257
0.0352570941365 ;0.00199682607501
0.0353071041991 ;0.00201879940184
0.0353571142617 ;0.00201910458693
0.0354071243243 ;0.00201483199561
0.0354571343869 ;0.00200781273843
0.0355071444495 ;0.00201239051485
0.0355571545121 ;0.00200109866634
0.0356071645747 ;0.00201361125523
0.0356571746373 ;0.00200659199805
0.0357071846999 ;0.00200994903409
0.0357571947625 ;0.00201208532975
0.0358072048251 ;0.00199713126011
0.0358572148877 ;0.00200354014710
0.0359072249503 ;0.00200170903653
0.0359572350129 ;0.00201239051485
0.0360072450755 ;0.00200445570238
0.0360572551381 ;0.00200140385144
0.0361072652007 ;0.00199041718802
0.0361572752633 ;0.00201727347636
0.0362072853259 ;0.00199774163030
0.0362572953886 ;0.00199835200049
0.0363073054512 ;0.00199713126011
0.0363573155138 ;0.00198675496689
0.0364073255764 ;0.00199377422407
0.0364573356390 ;0.00199285866878
0.0365073457016 ;0.00198065126499
0.0365573557642 ;0.00199072237312
0.0366073658268 ;0.00199926755577
0.0366573758894 ;0.00199011200293
0.0367073859520 ;0.00198706015198
0.0367573960146 ;0.00197637867367
0.0368074060772 ;0.00197820978423
0.0368574161398 ;0.00198614459670
0.0369074262024 ;0.00199774163030
0.0369574362650 ;0.00199072237312
0.0370074463276 ;0.00197820978423
0.0370574563902 ;0.00197119052705
0.0371074664528 ;0.00197912533952
0.0371574765154 ;0.00197607348857
0.0372074865780 ;0.00197882015442
0.0372574966406 ;0.00198034607990
0.0373075067033 ;0.00197271645253
0.0373575167659 ;0.00197668385876
0.0374075268285 ;0.00197485274819
0.0374575368911 ;0.00198706015198
0.0375075469537 ;0.00197820978423
0.0375575570163 ;0.00197882015442
0.0376075670789 ;0.00196844386120
0.0376575771415 ;0.00198217719047
0.0377075872041 ;0.00197943052461
0.0377575972667 ;0.00197088534196
0.0378076073293 ;0.00196295052950
0.0378576173919 ;0.00196722312082
0.0379076274545 ;0.00197363200781
0.0379576375171 ;0.00196844386120
0.0380076475797 ;0.00197027497177
0.0380576576423 ;0.00196020386364
0.0381076677049 ;0.00194860683004
0.0381576777675 ;0.00195928830836
0.0382076878301 ;0.00196905423139
0.0382576978927 ;0.00195623645741
0.0383077079554 ;0.00197332682272
0.0383577180180 ;0.00195226905118
0.0384077280806 ;0.00195104831080
0.0384577381432 ;0.00194586016419
0.0385077482058 ;0.00197576830348
0.0385577582684 ;0.00195379497665
0.0386077683310 ;0.00195226905118
0.0386577783936 ;0.00194372386853
0.0387077884562 ;0.00195989867855
0.0387577985188 ;0.00196295052950
0.0388078085814 ;0.00194616534928
0.0388578186440 ;0.00195806756798
0.0389078287066 ;0.00195440534684
0.0389578387692 ;0.00195379497665
0.0390078488318 ;0.00194708090457
0.0390578588944 ;0.00193945127720
0.0391078689570 ;0.00195074312571
0.0391578790196 ;0.00195379497665
0.0392078890822 ;0.00195379497665
0.0392578991448 ;0.00196234015931
0.0393079092075 ;0.00194738608966
0.0393579192701 ;0.00195593127232
0.0394079293327 ;0.00194189275796
0.0394579393953 ;0.00194250312815
0.0395079494579 ;0.00193212683493
0.0395579595205 ;0.00194799645985
0.0396079695831 ;0.00194830164495
0.0396579796457 ;0.00194524979400
0.0397079897083 ;0.00193853572192
0.0397579997709 ;0.00193578905606
0.0398080098335 ;0.00193151646474
0.0398580198961 ;0.00192785424360
0.0399080299587 ;0.00192510757775
0.0399580400213 ;0.00193090609455
0.0400080500839 ;0.00193243202002
0.0400580601465 ;0.00193304239021
0.0401080702091 ;0.00192846461379
0.0401580802717 ;0.00192724387341
0.0402080903343 ;0.00192114017151
0.0402581003969 ;0.00192571794794
0.0403081104595 ;0.00192785424360
0.0403581205222 ;0.00192327646718
0.0404081305848 ;0.00192144535661
0.0404581406474 ;0.00191930906095
0.0405081507100 ;0.00190069277017
0.0405581607726 ;0.00192327646718
0.0406081708352 ;0.00192358165227
0.0406581808978 ;0.00192663350322
0.0407081909604 ;0.00191991943113
0.0407582010230 ;0.00192205572680
0.0408082110856 ;0.00191198461867
0.0408582211482 ;0.00191808832057
0.0409082312108 ;0.00191351054415
0.0409582412734 ;0.00190893276772
0.0410082513360 ;0.00191412091433
0.0410582613986 ;0.00191045869320
0.0411082714612 ;0.00192388683737
0.0411582815238 ;0.00191717276528
0.0412082915864 ;0.00192052980132
0.0412583016490 ;0.00190984832301
0.0413083117116 ;0.00192327646718
0.0413583217743 ;0.00190466017640
0.0414083318369 ;0.00192846461379
0.0414583418995 ;0.00190893276772
0.0415083519621 ;0.00189580980865
0.0415583620247 ;0.00190923795282
0.0416083720873 ;0.00190435499130
0.0416583821499 ;0.00189733573412
0.0417083922125 ;0.00190893276772
0.0417584022751 ;0.00191106906339
0.0418084123377 ;0.00190893276772
0.0418584224003 ;0.00190466017640
0.0419084324629 ;0.00189642017884
0.0419584425255 ;0.00190008239998
0.0420084525881 ;0.00189672536393
0.0420584626507 ;0.00191137424848
0.0421084727133 ;0.00188909573656
0.0421584827759 ;0.00189794610431
0.0422084928385 ;0.00189886165960
0.0422585029011 ;0.00189977721488
0.0423085129637 ;0.00189184240242
0.0423585230263 ;0.00188909573656
0.0424085330890 ;0.00188726462600
0.0424585431516 ;0.00189428388318
0.0425085532142 ;0.00189153721732
0.0425585632768 ;0.00190191351054
0.0426085733394 ;0.00189916684469
0.0426585834020 ;0.00189001129185
0.0427085934646 ;0.00188726462600
0.0427586035272 ;0.00188207647938
0.0428086135898 ;0.00189733573412
0.0428586236524 ;0.00187658314768
0.0429086337150 ;0.00186468092898
0.0429586437776 ;0.00188299203467
0.0430086538402 ;0.00189184240242
0.0430586639028 ;0.00187261574145
0.0431086739654 ;0.00187505722221
0.0431586840280 ;0.00188970610675
0.0432086940906 ;0.00186437574389
0.0432587041532 ;0.00186925870540
0.0433087142158 ;0.00187871944334
0.0433587242784 ;0.00187719351787
0.0434087343411 ;0.00187353129673
0.0434587444037 ;0.00188238166448
0.0435087544663 ;0.00187170018616
0.0435587645289 ;0.00187200537126
0.0436087745915 ;0.00187414166692
0.0436587846541 ;0.00186254463332
0.0437087947167 ;0.00187505722221
0.0437588047793 ;0.00186742759484
0.0438088148419 ;0.00186254463332
0.0438588249045 ;0.00187871944334
0.0439088349671 ;0.00186498611408
0.0439588450297 ;0.00186559648427
0.0440088550923 ;0.00185583056124
0.0440588651549 ;0.00186040833766
0.0441088752175 ;0.00185155796991
0.0441588852801 ;0.00185918759728
0.0442088953427 ;0.00186651203955
0.0442589054053 ;0.00187505722221
0.0443089154679 ;0.00185216834010
0.0443589255305 ;0.00185918759728
0.0444089355932 ;0.00186803796503
0.0444589456558 ;0.00184789574877
0.0445089557184 ;0.00185064241462
0.0445589657810 ;0.00186162907804
0.0446089758436 ;0.00184606463820
0.0446589859062 ;0.00183996093631
0.0447089959688 ;0.00184759056368
0.0447590060314 ;0.00186529129917
0.0448090160940 ;0.00185125278481
0.0448590261566 ;0.00185003204443
0.0449090362192 ;0.00186132389294
0.0449590462818 ;0.00184728537858
0.0450090563444 ;0.00184881130406
0.0450590664070 ;0.00183996093631
0.0451090764696 ;0.00183690908536
0.0451590865322 ;0.00185003204443
0.0452090965948 ;0.00183874019593
0.0452591066574 ;0.00184270760216
0.0453091167200 ;0.00183446760460
0.0453591267826 ;0.00183965575121
0.0454091368452 ;0.00183721427046
0.0454591469079 ;0.00183446760460
0.0455091569705 ;0.00184209723197
0.0455591670331 ;0.00184057130650
0.0456091770957 ;0.00184484389782
0.0456591871583 ;0.00183202612384
0.0457091972209 ;0.00183233130894
0.0457592072835 ;0.00183050019837
0.0458092173461 ;0.00183599353008
0.0458592274087 ;0.00183111056856
0.0459092374713 ;0.00184026612140
0.0459592475339 ;0.00183080538347
0.0460092575965 ;0.00182683797723
0.0460592676591 ;0.00183080538347
0.0461092777217 ;0.00185949278237
0.0461592877843 ;0.00183141575365
0.0462092978469 ;0.00180974761193
0.0462593079095 ;0.00182195501572
0.0463093179721 ;0.00181615649892
0.0463593280347 ;0.00181859797967
0.0464093380973 ;0.00181646168401
0.0464593481600 ;0.00181157872250
0.0465093582226 ;0.00181157872250
0.0465593682852 ;0.00181340983306
0.0466093783478 ;0.00180455946532
0.0466593884104 ;0.00180211798456
0.0467093984730 ;0.00181005279702
0.0467594085356 ;0.00181737723930
0.0468094185982 ;0.00180578020569
0.0468594286608 ;0.00181371501816
0.0469094387234 ;0.00181737723930
0.0469594487860 ;0.00180547502060
0.0470094588486 ;0.00179754020814
0.0470594689112 ;0.00180944242683
0.0471094789738 ;0.00180791650136
0.0471594890364 ;0.00179387798700
0.0472094990990 ;0.00179784539323
0.0472595091616 ;0.00179570909757
0.0473095192242 ;0.00179265724662
0.0473595292868 ;0.00178044984283
0.0474095393494 ;0.00181066316721
0.0474595494120 ;0.00179570909757
0.0475095594747 ;0.00180059205908
0.0475595695373 ;0.00179265724662
0.0476095795999 ;0.00179509872738
0.0476595896625 ;0.00179601428266
0.0477095997251 ;0.00179265724662
0.0477596097877 ;0.00179631946776
0.0478096198503 ;0.00177465132603
0.0478596299129 ;0.00178075502792
0.0479096399755 ;0.00179326761681
0.0479596500381 ;0.00179174169134
0.0480096601007 ;0.00179631946776
0.0480596701633 ;0.00177404095584
0.0481096802259 ;0.00178258613849
0.0481596902885 ;0.00177220984527
0.0482097003511 ;0.00175420392468
0.0482597104137 ;0.00174230170598
0.0483097204763 ;0.00171605578784
0.0483597305389 ;0.00167271950438
0.0484097406015 ;0.00161778618732
0.0484597506641 ;0.00149632251961
0.0485097607268 ;0.00137211218604
0.0485597707894 ;0.00124607074190
0.0486097808520 ;0.00117038483840
0.0486597909146 ;0.00116824854274
0.0487098009772 ;0.000295419171728
0.0487598110398 ;0.000293893246254
0.0488098211024 ;0.000290841395306
0.0488598311650 ;0.000290536210211
0.0489098412276 ;0.000290536210211
0.0489598512902 ;0.000292367320780
0.0490098613528 ;0.000289315469832
0.0490598714154 ;0.000290536210211
0.0491098814780 ;0.000287484359264
0.0491598915406 ;0.000289620654927
0.0492099016032 ;0.000289620654927
0.0492599116658 ;0.000283822138127
0.0493099217284 ;0.000274971770379
0.0493599317910 ;0.000263985106967
0.0494099418536 ;0.000256355479598
0.0494599519162 ;0.000254829554125
0.0495099619789 ;0.000344859157079
0.0495599720415 ;0.000242011780145
0.0496099821041 ;0.000361033967101
0.0496599921667 ;0.000570696127201
0.0497100022293 ;0.000593585009308
0.0497600122919 ;0.000586870937223
0.0498100223545 ;0.000583819086276
0.0498600324171 ;0.000584124271371
0.0499100424797 ;0.000584429456465
0.0499600525423 ;0.000582903530992
0.0500100626049 ;0.000566118350780
0.0500600726675 ;0.000570085757012
0.0501100827301 ;0.000579241309854
0.0501600927927 ;0.000585345011750
0.0502101028553 ;0.000581987975707
0.0502601129179 ;0.000574358348338
0.0503101229805 ;0.000572527237770
0.0503601330431 ;0.000573747978149
0.0504101431057 ;0.000566728720969
0.0504601531683 ;0.000567033906064
0.0505101632309 ;0.000574663533433
0.0505601732936 ;0.000554521317179
0.0506101833562 ;0.000294198431349
0.0506601934188 ;0.000257271034883
0.0507102034814 ;0.000250251777703
0.0507602135440 ;0.000268562883389
0.0508102236066 ;0.000241706595050
0.0508602336692 ;0.000240485854671
0.0509102437318 ;0.000249641407514
0.0509602537944 ;0.000251777703177
0.0510102638570 ;0.000251472518082
0.0510602739196 ;0.000251167332987
0.0511102839822 ;0.000249641407514
0.0511602940448 ;0.000251472518082
0.0512103041074 ;0.000250862147893
0.0512603141700 ;0.000249946592608
0.0513103242326 ;0.000247505111850
0.0513603342952 ;0.000246589556566
0.0514103443578 ;0.000246589556566
0.0514603544204 ;0.000244453260903
0.0515103644830 ;0.000245368816187
0.0515603745457 ;0.000244758445997
0.0516103846083 ;0.000240485854671
0.0516603946709 ;0.000241706595050
0.0517104047335 ;0.000243537705618
0.0517604147961 ;0.000240180669576
0.0518104248587 ;0.000240791039766
0.0518604349213 ;0.000239875484481
0.0519104449839 ;0.000238349559008
0.0519604550465 ;0.000237434003723
0.0520104651091 ;0.000234992522965
0.0520604751717 ;0.000235908078249
0.0521104852343 ;0.000232856227302
0.0521604952969 ;0.000232245857112
0.0522105053595 ;0.000232856227302
0.0522605154221 ;0.000232856227302
0.0523105254847 ;0.000230109561449
0.0523605355473 ;0.000230109561449
0.0524105456099 ;0.000227362895596
0.0524605556725 ;0.000228888821070
0.0525105657351 ;0.000225836970122
0.0525605757977 ;0.000227057710501
0.0526105858604 ;0.000225226599933
0.0526605959230 ;0.000219428083132
0.0527106059856 ;0.000221259193701
0.0527606160482 ;0.000221869563890
0.0528106261108 ;0.000220038453322
0.0528606361734 ;0.000221564378796
0.0529106462360 ;0.000218817712943
0.0529606562986 ;0.000220038453322
0.0530106663612 ;0.000216681417280
0.0530606764238 ;0.000215155491806
0.0531106864864 ;0.000216986602374
0.0531606965490 ;0.000213324381237
0.0532107066116 ;0.000212103640858
0.0532607166742 ;0.000212714011048
0.0533107267368 ;0.000210272530290
0.0533607367994 ;0.000208746604816
0.0534107468620 ;0.000210272530290
0.0534607569246 ;0.000208136234626
0.0535107669872 ;0.000204474013489
0.0535607770498 ;0.000206305124058
0.0536107871125 ;0.000205694753868
0.0536607971751 ;0.000204779198584
0.0537108072377 ;0.000209662160100
0.0537608173003 ;0.000203253273110
0.0538108273629 ;0.000196234015931
0.0538608374255 ;0.000198370311594
0.0539108474881 ;0.000197759941404
0.0539608575507 ;0.000198065126499
0.0540108676133 ;0.000198980681784
0.0540608776759 ;0.000199285866878
0.0541108877385 ;0.000195623645741
0.0541608978011 ;0.000193792535173
0.0542109078637 ;0.000193182164983
0.0542609179263 ;0.000195623645741
0.0543109279889 ;0.000189214758751
0.0543609380515 ;0.000189825128941
0.0544109481141 ;0.000187994018372
0.0544609581767 ;0.000186162907804
0.0545109682393 ;0.000186162907804
0.0545609783019 ;0.000186162907804
0.0546109883645 ;0.000186773277993
0.0546609984272 ;0.000182500686666
0.0547110084898 ;0.000180364391003
0.0547610185524 ;0.000180669576098
0.0548110286150 ;0.000179754020814
0.0548610386776 ;0.000177922910245
0.0549110487402 ;0.000177617725150
0.0549610588028 ;0.000175786614582
0.0550110688654 ;0.000177922910245
0.0550610789280 ;0.000176396984771
0.0551110889906 ;0.000173650318918
0.0551610990532 ;0.000174565874203
0.0552111091158 ;0.000173039948729
0.0552611191784 ;0.000168462172308
0.0553111292410 ;0.000165715506455
0.0553611393036 ;0.000166020691549
0.0554111493662 ;0.000148319956053
0.0554611594288 ;0.000143131809442
0.0555111694914 ;0.000142216254158
0.0555611795540 ;0.000141605883969
0.0556111896166 ;0.000141300698874
0.0556611996793 ;0.000155034028138
0.0557112097419 ;0.000153202917570
0.0557612198045 ;0.000158085879086
0.0558112298671 ;0.000138248847926
0.0558612399297 ;0.000144352549821
0.0559112499923 ;0.000151982177190
0.0559612600549 ;0.000150151066622
0.0560112701175 ;0.000132145146031
0.0560612801801 ;0.000131839960936
0.0561112902427 ;0.000130008850368
0.0561613003053 ;0.000127567369610
0.0562113103679 ;0.000128482924894
0.0562613204305 ;0.000139164403211
0.0563113304931 ;0.000144352549821
0.0563613405557 ;0.000147709585864
0.0564113506183 ;0.000147404400769
0.0564613606809 ;0.000147099215674
0.0565113707435 ;0.000144657734916
0.0565613808061 ;0.000142521439253
0.0566113908687 ;0.000142826624348
0.0566614009314 ;0.000139469588305
0.0567114109940 ;0.000138248847926
0.0567614210566 ;0.000139774773400
0.0568114311192 ;0.000139164403211
0.0568614411818 ;0.000138248847926
0.0569114512444 ;0.000140385143590
0.0569614613070 ;0.000130924405652
0.0570114713696 ;0.000137028107547
0.0570614814322 ;0.000135807367168
0.0571114914948 ;0.000133365886410
0.0571615015574 ;0.000132755516221
0.0572115116200 ;0.000128177739799
0.0572615216826 ;0.000127872554704
0.0573115317452 ;0.000127872554704
0.0573615418078 ;0.000110171819208
0.0574115518704 ;0.000106204412976
0.0574615619330 ;0.000105899227882
0.0575115719956 ;0.000103457747124
0.0575615820582 ;0.000104983672597
0.0576115921208 ;0.000122989593188
0.0576616021834 ;0.000117496261483
0.0577116122461 ;0.000117191076388
0.0577616223087 ;0.000100405896176
0.0578116323713 ;0.000107425153356
0.0578616424339 ;0.000112918485061
0.0579116524965 ;0.000113223670156
0.0579616625591 ;0.0000988799707022
0.0580116726217 ;0.0000943021942808
0.0580616826843 ;0.0000946073793756
0.0581116927469 ;0.0000930814539018
0.0581617028095 ;0.0000909451582385
0.0582117128721 ;0.000106204412976
0.0582617229347 ;0.000109561449019
0.0583117329973 ;0.000107730338450
0.0583617430599 ;0.000109256263924
0.0584117531225 ;0.000108340708640
0.0584617631851 ;0.000108951078829
0.0585117732477 ;0.000107730338450
0.0585617833103 ;0.000108340708640
0.0586117933729 ;0.000107730338450
0.0586618034355 ;0.000107425153356
0.0587118134982 ;0.000106509598071
0.0587618235608 ;0.000103457747124
0.0588118336234 ;0.000106204412976
0.0588618436860 ;0.000103762932218
0.0589118537486 ;0.000101626636555
0.0589618638112 ;0.000104068117313
0.0590118738738 ;0.000101016266366
0.0590618839364 ;0.000100405896176
0.0591118939990 ;0.0000994903408918
0.0591619040616 ;0.0000973540452284
0.0592119141242 ;0.0000952177495651
0.0592619241868 ;0.0000988799707022
0.0593119342494 ;0.0000958281197546
0.0593619443120 ;0.000092776268807
0.0594119543746 ;0.0000933866389966
0.0594619644372 ;0.0000924710837123
0.0595119744998 ;0.0000921658986175
0.0595619845624 ;0.0000918607135228
0.0596119946250 ;0.0000888088625752
0.0596620046876 ;0.000085146641438
0.0597120147502 ;0.0000872829371014
0.0597620248129 ;0.0000814844203009
0.0598120348755 ;0.0000808740501114
0.0598620449381 ;0.0000790429395428
0.0599120550007 ;0.000077517014069
0.0599620650633 ;0.0000784325693533
0.0600120751259 ;0.000075075533311
0.0600620851885 ;0.0000729392376476
0.0601120952511 ;0.0000558488723411
0.0601621053137 ;0.0000491348002564
0.0602121153763 ;0.0000491348002564
0.0602621254389 ;0.000046998504593
0.0603121355015 ;0.0000494399853511
0.0603621455641 ;0.0000573747978149
0.0604121556267 ;0.0000631733146153
0.0604621656893 ;0.0000631733146153
0.0605121757519 ;0.0000439466536454
0.0605621858145 ;0.0000485244300668
0.0606121958771 ;0.0000598162708573
0.0606622059397 ;0.0000579851680044
0.0607122160023 ;0.0000476088747826
0.0607622260650 ;0.000038148136845
0.0608122361276 ;0.0000357066560869
0.0608622461902 ;0.0000366222113712
0.0609122562528 ;0.0000347911008026
0.0609622663154 ;0.0000442518387402
0.0610122763780 ;0.0000552385021516
0.0610622864406 ;0.0000579851680044
0.0611122965032 ;0.0000555436872463
0.0611623065658 ;0.0000582903530992
0.0612123166284 ;0.0000555436872463
0.0612623266910 ;0.0000531022064882
0.0613123367536 ;0.000053407391583
0.0613623468162 ;0.0000527970213935
0.0614123568788 ;0.0000482192449721
0.0614623669414 ;0.0000561540574358
0.0615123770040 ;0.0000509659108249
0.0615623870666 ;0.0000506607257302
0.0616123971292 ;0.000046998504593
0.0616624071918 ;0.0000482192449721
0.0617124172544 ;0.0000415051728874
0.0617624273171 ;0.0000421155430769
0.0618124373797 ;0.0000442518387402
0.0618624474423 ;0.0000451673940245
0.0619124575049 ;0.0000402844325083
0.0619624675675 ;0.0000460829493088
0.0620124776301 ;0.0000473036896878
0.0620624876927 ;0.000044557023835
0.0621124977553 ;0.0000460829493088
0.0621625078179 ;0.0000411999877926
0.0622125178805 ;0.0000433362834559
0.0622625279431 ;0.0000405896176031
0.0623125380057 ;0.0000430310983612
0.0623625480683 ;0.0000405896176031
0.0624125581309 ;0.0000350962858974
0.0624625681935 ;0.0000366222113712
0.0625125782561 ;0.0000408948026978
0.0625625883187 ;0.0000399792474136
0.0626125983813 ;0.0000384533219398
0.0626626084439 ;0.0000390636921293
0.0627126185065 ;0.0000338755455184
0.0627626285691 ;0.0000344859157079
0.0628126386318 ;0.0000399792474136
0.0628626486944 ;0.0000363170262764
0.0629126587570 ;0.0000296029541917
0.0629626688196 ;0.0000289925840022
0.0630126788822 ;0.0000323496200446
0.0630626889448 ;0.0000314340647603
0.0631126990074 ;0.000030518509476
0.0631627090700 ;0.0000311288796655
0.0632127191326 ;0.000030518509476
0.0632627291952 ;0.0000268562883389
0.0633127392578 ;0.0000326548051393
0.0633627493204 ;0.0000149540696432
0.0634127593830 ;0.0000167851802118
0.0634627694456 ;0.000007629627369
0.0635127795082 ;0.000000000000
0.0635627895708 ;0.0000061037018952
0.0636127996334 ;0.00000579851680044
0.0636628096960 ;0.000017395554013
0.0637128197586 ;0.00000183111056856
0.0637628298212 ;0.00000946073793756
0.0638128398839 ;0.0000134281441694
0.0638628499465 ;0.0000497451704459
0.0639128600091 ;0.0000277718436232
0.0639628700717 ;0.0000183111056856
0.0640128801343 ;0.0000244148075808
0.0640628901969 ; 
0.0641129002595 ;0.0000173955504013
0.0641629103221 ;0.0000289925840022
